City,Lat,Lng,Max Temp,Humidity,Cloudiness,Wind Speed,Country,Date
Scarborough,54.2797,-0.4044,288.45,88,97,3.01,GB,1627270744
Fortuna,40.5982,-124.1573,286.44,92,90,3.09,US,1627270744
Livingston,55.9029,-3.5226,289.38,93,90,1.03,GB,1627270744
Fort-Shevchenko,44.5086,50.263,302.44,47,2,7.82,KZ,1627270744
Pemba,-12.974,40.5178,291.54,88,20,3.6,MZ,1627270606
Kumluca,36.3703,30.2869,301.31,43,1,2.14,TR,1627270745
Bonavista,48.6499,-53.1147,286.55,93,10,3.69,CA,1627270257
Xining,36.6167,101.7667,288.87,66,100,3.5,CN,1627270745
Midland,31.9974,-102.0779,302.03,62,40,2.06,US,1627270745
Chegutu,-18.1302,30.1407,279.09,73,0,3.96,ZW,1627270746
Maceió,-9.6658,-35.7353,295.84,83,75,2.57,BR,1627270746
Moose Factory,51.2585,-80.6094,286.15,94,90,3.09,CA,1627270746
Kavaratti,10.5669,72.642,300.65,79,100,9.02,IN,1627270747
East London,-33.0153,27.9116,287.67,30,0,5.14,ZA,1627270747
Mitsukaidō,36.0167,139.9833,305.82,35,80,4.07,JP,1627270747
Krasnoarmeysk,51.0239,45.6969,292.68,52,17,1.46,RU,1627270747
Guanare,9.0418,-69.7421,295.68,97,100,0.63,VE,1627270748
Kavieng,-2.5744,150.7967,301.72,68,36,1.67,PG,1627270748
Houma,29.5958,-90.7195,302.59,85,8,2.23,US,1627270451
Katsuura,35.1333,140.3,303.25,57,79,8.6,JP,1627270748
Liepāja,56.5419,21.0367,291.18,82,54,2.57,LV,1627270749
Barkhan,29.8977,69.5256,305.54,39,46,1.76,PK,1627270749
Tanete,-3.9443,119.7848,304.67,48,42,5.2,ID,1627270749
Acajutla,13.5928,-89.8275,306.34,83,87,2.01,SV,1627270749
Madison,34.7334,-86.5667,299.12,91,20,0.89,US,1627270750
Beaverlodge,55.2166,-119.4361,291.79,59,93,3.38,CA,1627270750
Coyhaique,-45.5752,-72.0662,273.12,80,0,2.06,CL,1627270750
Charter Township of Clinton,42.587,-82.9199,299.16,69,75,0.89,US,1627270636
Cape Town,-33.9258,18.4232,289.32,27,0,1.03,ZA,1627270563
Kiryat Gat,31.61,34.7642,298.93,80,33,1.61,IL,1627270549
Hanyang,32.1371,105.5126,301.34,66,8,3.1,CN,1627270751
Kui Buri,12.0828,99.8543,305.3,56,97,4.98,TH,1627270752
Vila Velha,-20.3297,-40.2925,290.12,94,0,0.0,BR,1627270752
Mabaruma,8.2,-59.7833,294.81,99,100,0.91,GY,1627270752
Nishihara,26.1842,127.7558,303.96,89,75,5.14,JP,1627270752
Kissidougou,9.1848,-10.0999,292.97,99,91,1.42,GN,1627270753
Mackay,-21.15,149.2,297.97,53,51,7.72,AU,1627270753
Safi,32.2994,-9.2372,293.01,92,0,5.75,MA,1627270753
Palu,-0.8917,119.8707,306.06,50,17,1.31,ID,1627270754
Nioro,13.35,-15.75,297.08,82,53,2.2,GM,1627270754
Tiznit Province,29.5833,-9.5,295.3,51,0,1.09,MA,1627270754
Port Hawkesbury,45.6169,-61.3485,291.31,85,75,1.34,CA,1627270754
Kedrovyy,56.1667,91.8167,296.38,46,58,0.92,RU,1627270755
Mangai,-4.05,19.5333,293.61,42,64,0.62,CD,1627270755
Manoel Urbano,-8.8389,-69.2597,296.99,73,83,0.98,BR,1627270613
Tulun,54.5611,100.5792,299.53,39,50,3.76,RU,1627270755
Portland,45.5234,-122.6762,302.47,51,20,1.79,US,1627270106
Los Andes,-32.8337,-70.5983,282.36,84,3,0.62,CL,1627270756
Safford,32.834,-109.7076,299.29,83,20,4.63,US,1627270756
Petropavlovsk-Kamchatskiy,53.0452,158.6483,297.48,61,0,4.0,RU,1627270756
Dikson,73.5069,80.5464,280.54,75,38,0.55,RU,1627270756
Polunochnoye,60.8697,60.4153,288.67,52,49,3.93,RU,1627270757
Kamiiso,41.8167,140.65,299.36,65,40,7.2,JP,1627270757
Carnarvon,-24.8667,113.6333,292.19,57,90,3.6,AU,1627270638
Mataura,-46.1927,168.8643,282.86,89,100,0.46,NZ,1627270757
Vanimo,-2.6741,141.3028,303.18,58,52,1.8,PG,1627270571
Bartica,6.4,-58.6167,297.33,99,100,0.3,GY,1627270758
Caramay,10.1815,119.236,304.77,58,98,3.8,PH,1627270758
Qazvin,36.2797,50.0049,295.94,73,0,1.03,IR,1627270758
Porto-Vecchio,41.591,9.2795,298.85,78,0,2.06,FR,1627270758
Woodward,36.4337,-99.3904,299.72,69,1,4.12,US,1627270759
Barrow,71.2906,-156.7887,277.16,97,90,6.69,US,1627270554
Antofagasta,-23.65,-70.4,286.75,84,47,3.26,CL,1627270759
Morąg,53.9171,19.926,292.96,85,77,2.99,PL,1627270759
Merauke,-8.4667,140.3333,300.27,67,96,3.89,ID,1627270760
Volchansk,59.9378,60.081,287.82,55,98,4.26,RU,1627270760
Tura,25.5198,90.2201,302.06,76,100,2.28,IN,1627270760
Butaritari,3.0707,172.7902,298.99,87,100,5.89,KI,1627270760
Villa Constitución,-33.2278,-60.3297,285.31,84,0,2.15,AR,1627270761
Kharovsk,59.9642,40.1912,288.7,71,95,3.0,RU,1627270761
Verkhnevilyuysk,63.4453,120.3167,303.77,35,1,3.74,RU,1627270761
Sibu,2.3,111.8167,305.32,66,40,0.89,MY,1627270762
Itoman,26.1247,127.6694,304.36,87,75,6.17,JP,1627270762
Dongli,23.5656,116.8194,308.14,52,0,2.0,CN,1627270762
Berlevåg,70.8578,29.0864,280.15,77,97,7.95,NO,1627270762
Puerto Nariño,-3.7703,-70.3831,297.12,98,67,1.03,CO,1627270763
Sorsk,54.0033,90.2467,294.95,70,87,2.0,RU,1627270763
Sitka,57.0531,-135.33,287.09,77,75,2.06,US,1627270763
Zyryanka,65.75,150.85,287.79,47,100,4.16,RU,1627270763
Novolabinskaya,45.1096,39.894,297.78,56,0,5.8,RU,1627270764
Rosetta,31.4044,30.4164,298.05,75,0,2.85,EG,1627270764
Blytheville,35.9273,-89.919,301.19,78,1,0.0,US,1627270764
Boende,-0.2167,20.8667,295.44,71,61,1.21,CD,1627270765
Tucumã,-0.1833,-50.05,297.63,87,24,2.44,BR,1627270765
Deputatsky,69.3,139.9,288.88,49,98,2.11,RU,1627270765
Jaisalmer,26.9147,70.9181,304.71,56,79,9.15,IN,1627270765
Teeli,51.0333,90.2333,296.53,49,93,2.19,RU,1627270766
Ibicuí,-14.8417,-39.9867,288.61,96,33,1.48,BR,1627270766
Cockburn Town,21.4612,-71.1419,301.07,83,71,8.44,TC,1627270765
Yasnyy,51.0333,59.8742,293.1,49,0,4.03,RU,1627270766
Puerto Escondido,15.85,-97.0667,302.61,65,75,2.06,MX,1627270767
San Policarpo,12.1791,125.5072,305.93,54,100,5.96,PH,1627270767
Airai,-8.9266,125.4092,298.7,23,86,1.85,TL,1627270767
Nosy Varika,-20.5833,48.5333,290.52,79,99,4.44,MG,1627270768
Quang Ngai,15.1167,108.8,306.72,49,95,0.87,VN,1627270768
Pisco,-13.7,-76.2167,289.27,82,1,2.06,PE,1627270768
Byron Bay,-28.65,153.6167,294.21,38,48,3.25,AU,1627270768
Pangnirtung,66.1451,-65.7125,283.91,89,100,2.16,CA,1627270769
Nanortalik,60.1432,-45.2371,280.15,74,95,4.7,GL,1627270769
Hong Kong,22.2855,114.1577,306.66,79,70,3.13,HK,1627270577
Mathbaria,22.2876,89.9593,305.0,67,100,3.18,BD,1627270769
Bengkulu,-3.8004,102.2655,302.49,57,2,2.07,ID,1627270707
Machala,-3.2667,-79.9667,294.89,90,74,1.71,EC,1627270770
Vila Franca do Campo,37.7167,-25.4333,292.38,84,57,3.34,PT,1627270770
Bathsheba,13.2167,-59.5167,298.49,94,75,2.06,BB,1627270611
Skibbereen,51.55,-9.2667,289.04,87,95,1.75,IE,1627270770
Kuala Kedah,6.1,100.3,305.14,84,20,1.03,MY,1627270770
Bobrov,51.0961,40.0333,291.69,58,3,1.86,RU,1627270771
Te Anau,-45.4167,167.7167,281.03,94,100,1.35,NZ,1627270771
Ginda,30.6945,78.4932,294.61,93,99,0.89,IN,1627270771
Mayor Pablo Lagerenza,-19.9309,-60.7718,296.38,41,5,2.63,PY,1627270772
Nouadhibou,20.931,-17.0347,294.14,88,0,8.23,MR,1627270772
Alyangula,-13.8483,136.4192,302.08,42,68,4.63,AU,1627270772
Salvacion,7.9833,126.1333,306.41,49,97,2.06,PH,1627270772
Kavos,38.8268,22.8322,298.13,59,0,1.38,GR,1627270773
East Wenatchee Bench,47.4257,-120.2812,306.77,17,1,7.2,US,1627270773
Mátranovák,48.0381,19.9826,290.25,94,56,1.91,HU,1627270773
Oranjemund,-28.55,16.4333,290.67,31,100,6.13,NA,1627270773
Geraldton,-28.7667,114.6,292.66,72,40,6.17,AU,1627270774
Damphu,27.0721,90.1096,300.93,74,100,2.12,BT,1627270774
San Patricio,28.017,-97.5169,302.07,80,3,3.63,US,1627270774
Talcahuano,-36.7167,-73.1167,282.97,87,75,3.6,CL,1627270775
Lata,40.1629,-8.3327,291.51,96,93,1.15,PT,1627270775
Mogadishu,2.0371,45.3438,298.08,76,10,8.51,SO,1627270735
Ugoofaaru,5.6667,73.0,300.74,78,100,5.44,MV,1627270700
Tarko-Sale,64.9225,77.785,283.68,96,100,6.68,RU,1627270775
Port Elizabeth,-33.918,25.5701,288.76,50,0,3.09,ZA,1627270776
Tauá,-5.9667,-40.3,295.98,59,30,4.21,BR,1627270776
Broome,42.2506,-75.833,294.07,82,0,1.16,US,1627270776
City of San Pedro,14.35,121.0167,304.72,65,40,9.35,PH,1627270484
Kahului,20.8947,-156.47,302.16,78,40,9.77,US,1627270776
Ligayan,4.6533,119.4706,302.23,74,83,6.62,PH,1627270777
Lavrentiya,65.5833,-171.0,279.84,98,100,2.91,RU,1627270561
Cravo Norte,6.3017,-70.2041,296.45,91,26,1.8,CO,1627270777
Ribeira Grande,38.5167,-28.7,293.98,86,5,7.18,PT,1627270777
Naryan-Mar,67.6713,53.087,280.88,79,94,7.94,RU,1627270778
Zhangye,38.9342,100.4517,302.06,24,100,2.09,CN,1627270778
Adrar,20.5022,-10.0711,302.81,33,0,4.69,MR,1627270778
Kindersley,51.4668,-109.1682,296.03,52,1,3.6,CA,1627270779
Laguna,38.421,-121.4238,308.05,34,1,5.66,US,1627270779
Kaka,37.3482,59.6143,306.59,37,0,9.5,TM,1627270779
Solnechnyy,50.7214,136.6319,304.03,45,100,4.23,RU,1627270779
Rubiataba,-15.1644,-49.8033,291.81,40,24,1.54,BR,1627270780
Le Vauclin,14.5452,-60.8388,300.84,89,40,1.54,MQ,1627270780
Yerbogachën,61.2767,108.0108,301.58,34,37,1.78,RU,1627270781
Saldanha,-33.0117,17.9442,284.18,43,100,8.63,ZA,1627270781
Bhandāra,21.1667,79.65,299.48,78,100,6.63,IN,1627270781
Biltine,14.5333,20.9167,297.43,72,100,4.55,TD,1627270781
Arrondissement de Libourne,44.9167,-0.25,289.43,97,53,1.64,FR,1627270782
Luanda,-8.8368,13.2343,293.15,94,40,1.54,AO,1627270683
Ust-Nera,64.5667,143.2,285.03,87,100,2.29,RU,1627270782
Simao,22.7886,100.9748,293.68,93,90,0.59,CN,1627270782
Kribi,2.95,9.9167,297.37,85,89,2.81,CM,1627270783
Leh,34.1667,77.5833,296.67,36,46,1.92,IN,1627270783
Carutapera,-1.195,-46.02,297.12,88,10,1.4,BR,1627270783
Qandala,11.472,49.8728,303.58,50,27,8.11,SO,1627270783
Arlit,18.7369,7.3853,306.87,21,100,2.77,NE,1627270784
Cherskiy,68.75,161.3,285.81,46,0,8.07,RU,1627270566
Hasaki,35.7333,140.8333,302.2,69,99,9.32,JP,1627270784
Guangzhou,23.1167,113.25,308.12,43,70,1.46,CN,1627270513
Neftçala,39.3742,49.2472,301.92,52,1,3.25,AZ,1627270784
Tetiz,20.9667,-89.9333,301.2,92,51,1.11,MX,1627270785
Sur,22.5667,59.5289,306.45,53,96,4.27,OM,1627270785
Haapiti,-17.5667,-149.8667,299.66,67,3,3.33,PF,1627270785
Hilo,19.7297,-155.09,297.0,94,90,0.0,US,1627270653
Arraial do Cabo,-22.9661,-42.0278,293.92,78,0,11.51,BR,1627270786
Kango,0.1943,10.0951,294.83,95,78,0.76,GA,1627270786
Namatanai,-3.6667,152.4333,301.45,72,80,0.71,PG,1627270786
Yinzhu,35.8786,119.9753,302.16,81,94,6.5,CN,1627270786
Rundu,-17.9333,19.7667,279.77,64,0,2.95,NA,1627270787
Bantry,51.6833,-9.45,288.86,92,96,2.36,IE,1627270787
Poum,-20.2333,164.0167,295.84,68,16,10.55,NC,1627270609
Kidal,18.4411,1.4078,305.08,40,100,3.47,ML,1627270787
Pierre,44.3683,-100.351,301.66,70,1,4.63,US,1627270704
Punta Arenas,-53.15,-70.9167,275.21,80,0,5.66,CL,1627270781
Puerto Ayora,-0.7393,-90.3518,295.12,89,7,1.79,EC,1627270788
Barcelona,41.3888,2.159,297.89,68,20,0.89,ES,1627270750
Curaçá,-8.9903,-39.9094,293.24,80,10,7.87,BR,1627270788
Thunder Bay,48.4001,-89.3168,294.81,60,40,1.54,CA,1627270767
Manaus,-3.1019,-60.025,301.42,74,0,2.57,BR,1627270503
Carballo,43.213,-8.691,290.32,93,97,1.05,ES,1627270789
Raduzhny,62.0961,77.475,286.75,95,100,8.33,RU,1627270789
Laas,46.6166,10.7002,289.83,89,100,1.04,IT,1627270789
Tunceli,39.1083,39.5471,291.63,28,0,1.51,TR,1627270789
Yuza,39.0,139.9167,305.18,57,25,1.65,JP,1627270790
Doembang Nangbuat,14.8333,100.1,300.13,75,100,3.76,TH,1627270790
Mangit,40.5971,70.9607,303.75,14,0,1.56,UZ,1627270791
Hongjiang,27.11,109.9956,306.45,54,5,1.34,CN,1627270791
Merrill,45.1805,-89.6835,293.6,88,1,0.0,US,1627270791
Karratha,-20.7377,116.8463,300.22,29,62,2.85,AU,1627270792
Mnogovershinnyy,53.9353,139.9242,298.85,49,100,3.26,RU,1627270792
Cabo San Lucas,22.8909,-109.9124,304.15,72,4,4.02,MX,1627270792
Tramandaí,-29.9847,-50.1336,293.45,67,98,2.41,BR,1627270792
La Malbaie,47.6575,-70.1559,292.85,92,7,2.05,CA,1627270793
Harper,4.375,-7.7169,297.38,77,55,3.2,LR,1627270793
Abū Zabad,12.35,29.25,295.67,88,100,6.29,SD,1627270793
Brewster,41.3973,-73.6171,297.59,94,40,0.0,US,1627270794
Lieksa,63.3167,30.0167,289.15,78,67,2.06,FI,1627270794
Porto-Novo,6.4965,2.6036,296.36,81,38,3.26,BJ,1627270794
Oliva,38.9197,-0.1194,298.94,91,92,0.45,ES,1627270794
Rikitea,-23.1203,-134.9692,295.26,74,30,3.3,PF,1627270624
Sittwe,20.15,92.9,299.84,92,100,10.79,MM,1627270795
Olafsvik,64.8945,-23.7142,282.75,82,88,5.47,IS,1627270625
Sulangan,11.1373,123.7228,302.89,72,100,5.61,PH,1627270795
Marawi,7.9986,124.2928,303.26,49,69,2.73,PH,1627270795
Korla,41.7597,86.1469,308.75,12,0,5.53,CN,1627270622
Belmonte,-15.8631,-38.8828,292.43,84,65,3.42,BR,1627270796
Kirkland Lake,48.1446,-80.0377,290.31,94,76,2.55,CA,1627270796
Aykhal,66.0,111.5,301.52,38,6,5.7,RU,1627270628
Garissa,-0.4536,39.6401,294.65,71,11,7.99,KE,1627270796
Novaya Malykla,54.2,49.95,290.92,53,99,0.47,RU,1627270797
Flinders,-34.5833,150.8552,291.37,56,78,2.24,AU,1627270797
Newport,51.5877,-2.9984,289.3,90,18,1.43,GB,1627270797
Iquique,-20.2208,-70.1431,288.17,79,100,1.65,CL,1627270797
Volksrust,-27.3654,29.8818,273.07,85,0,1.4,ZA,1627270798
Boddam,57.4667,-1.7833,289.47,96,55,5.35,GB,1627270798
Bāgeshwar,29.85,79.7667,297.7,90,99,0.9,IN,1627270798
Wakkanai,45.4094,141.6739,299.14,83,75,5.14,JP,1627270798
Sokoni,-6.4333,39.55,296.4,72,50,8.66,TZ,1627270799
Bentiu,9.2333,29.8333,294.41,98,100,2.05,SS,1627270799
San Agustín Acasaguastlán,14.95,-89.9667,297.13,89,7,0.95,GT,1627270799
Diplo,24.4667,69.584,301.95,78,100,11.0,PK,1627270799
Terra Roxa,-23.8557,-50.0314,286.36,51,0,1.38,BR,1627270800
Ericeira,38.9627,-9.4156,293.88,96,55,4.33,PT,1627270800
Busselton,-33.65,115.3333,292.06,73,0,11.68,AU,1627270800
Acapulco de Juárez,16.8634,-99.8901,300.63,86,83,3.7,MX,1627270801
Luangwa,-15.6167,30.4167,283.61,88,4,0.46,ZM,1627270801
Price,39.5994,-110.8107,300.74,28,1,3.09,US,1627270750
Nikel,69.4128,30.222,280.25,74,69,5.39,RU,1627270801
Ndélé,8.4109,20.6473,294.16,98,100,1.63,CF,1627270802
Vila,42.0304,-8.1588,285.56,92,6,1.75,PT,1627270802
Bluff,-46.6,168.3333,283.04,86,100,1.74,NZ,1627270802
Maragogi,-9.0122,-35.2225,295.81,88,28,4.5,BR,1627270788
Lakes Entrance,-37.8811,147.981,292.14,51,41,6.39,AU,1627270802
Rio Grande,-32.035,-52.0986,289.93,85,43,3.31,BR,1627270803
Port-Gentil,-0.7193,8.7815,297.33,80,100,3.3,GA,1627270804
Tilichiki,60.4667,166.1,286.57,91,100,3.54,RU,1627270804
George Town,5.4112,100.3354,305.31,74,20,0.45,MY,1627270763
La Santisima Trinidad,-14.8333,-64.9,296.17,54,12,1.51,BO,1627270805
Buritama,-21.0661,-50.1472,290.49,36,0,3.13,BR,1627270805
Chunskiy,56.0815,99.6342,301.75,35,98,3.07,RU,1627270805
Korablino,53.9164,40.0133,291.39,55,15,1.47,RU,1627270805
Rawson,-43.3002,-65.1023,278.85,49,19,7.02,AR,1627270806
Touros,-5.1989,-35.4608,295.65,91,10,4.39,BR,1627270806
Presidencia Roque Sáenz Peña,-26.7852,-60.4388,292.54,64,100,3.47,AR,1627270807
Tiksi,71.6872,128.8694,284.65,79,85,6.23,RU,1627270582
Vicuña,-30.0319,-70.7081,280.0,61,0,0.73,CL,1627270807
Teluk Nibung,3.001,99.8164,302.85,68,100,1.49,ID,1627270807
Nikolskoye,59.7035,30.7861,291.37,58,66,1.32,RU,1627270807
Barbastro,42.0356,0.1269,295.25,81,64,2.41,ES,1627270808
Provincia di Cremona,45.2333,9.9333,294.42,80,43,1.58,IT,1627270808
Vestmannaeyjar,63.4427,-20.2734,283.46,79,97,7.59,IS,1627270706
Hohhot,40.8106,111.6522,299.31,73,40,3.0,CN,1627270808
Ōmura,32.9214,129.9539,308.11,55,75,3.58,JP,1627270809
Kannauj,27.0546,79.922,304.85,61,100,3.76,IN,1627270809
Husavik,66.0449,-17.3389,284.1,69,0,5.91,IS,1627270809
Grand Gaube,-20.0064,57.6608,294.37,70,1,1.34,MU,1627270810
Susanville,40.4163,-120.653,302.06,26,90,4.02,US,1627270735
Etchojoa,26.9167,-109.6333,305.52,58,3,2.17,MX,1627270810
Abnūb,27.2696,31.1511,298.27,58,0,2.43,EG,1627270810
Bariloche,-41.1456,-71.3082,270.01,68,0,0.0,AR,1627270811
Doctor Arroyo,23.6667,-100.1833,293.48,63,5,1.62,MX,1627270811
Ormond Beach,29.2858,-81.0559,300.38,76,90,0.89,US,1627270811
Colón,9.3592,-79.9014,297.73,91,100,3.13,PA,1627270811
Lagoa,39.05,-27.9833,293.49,84,12,5.59,PT,1627270812
Pangkalanbuun,-2.6833,111.6167,305.36,43,1,2.19,ID,1627270812
Fushë-Arrëz,42.0622,20.0167,294.48,54,26,1.53,AL,1627270812
Alekseyevka,50.6309,38.6903,292.61,59,19,2.23,RU,1627270813
Halifax,44.6453,-63.5724,291.18,89,100,0.89,CA,1627270801
Makkah al Mukarramah,21.4267,39.8261,303.17,37,36,1.89,SA,1627270805
Puducherry,11.93,79.83,304.62,56,100,5.71,IN,1627270813
Miran Shah,33.0086,70.0697,306.95,38,1,1.9,PK,1627270813
Walvis Bay,-22.9575,14.5053,296.68,27,48,9.26,NA,1627270814
Sulina,45.1559,29.6536,294.75,61,0,3.59,RO,1627270814
Savinskiy,62.9342,40.1361,286.18,88,92,2.33,RU,1627270814
Rosarito,32.3333,-117.0333,294.68,85,67,1.59,MX,1627270815
Port-Cartier,50.0334,-66.8654,289.27,99,100,2.72,CA,1627270815
Hay River,60.8156,-115.7999,289.14,55,20,3.09,CA,1627270654
Salalah,17.0151,54.0924,299.2,83,40,3.09,OM,1627270745
Sørland,67.667,12.6934,285.29,83,100,1.89,NO,1627270815
Chernyshevskiy,63.0128,112.4714,302.15,31,1,2.44,RU,1627270816
Baixa Grande,-11.9597,-40.1681,289.1,95,0,1.48,BR,1627270816
Ayan,56.45,138.1667,291.23,80,40,4.01,RU,1627270816
Pedernales,18.0384,-71.744,299.74,75,92,2.13,DO,1627270816
Kimbe,-5.5502,150.1429,301.56,78,78,0.29,PG,1627270817
Zhigansk,66.7697,123.3711,294.52,65,35,2.3,RU,1627270811
Kargasok,59.0556,80.8572,295.8,70,100,2.2,RU,1627270658
The Pas,53.8251,-101.2541,289.16,88,40,0.47,CA,1627270817
Esperance,-33.8667,121.9,290.06,62,2,9.54,AU,1627270702
Faya,18.3851,42.4509,291.21,75,68,2.8,SA,1627270817
Arrondissement du Havre,49.5833,0.3333,290.14,94,90,4.63,FR,1627270818
Norman Wells,65.282,-126.8329,292.17,68,75,7.72,CA,1627270807
Hermiston,45.8404,-119.2895,308.04,28,4,0.89,US,1627270818
Payo,-3.7508,103.6372,303.53,46,3,2.31,ID,1627270818
Alofi,-19.0595,-169.9187,301.09,69,75,2.06,NU,1627270776
Buala,-8.145,159.5921,301.95,73,28,3.16,SB,1627270819
Pozo Colorado,-23.4923,-58.7972,298.68,38,76,3.25,PY,1627270819
Isangel,-19.55,169.2667,300.21,69,75,3.09,VU,1627270819
Mlonggo,-6.5333,110.7,304.09,49,1,2.21,ID,1627270820
College,64.8569,-147.8028,295.12,56,75,1.54,US,1627270787
Bethalto,38.9092,-90.0407,299.48,90,1,0.0,US,1627270820
São João da Barra,-21.6403,-41.0511,293.36,79,0,6.6,BR,1627270820
Saint Paul Harbor,57.79,-152.4072,286.88,72,40,3.6,US,1627270821
India,20.0,77.0,299.46,74,83,8.86,IN,1627270821
Pizarro,4.9533,-77.366,297.31,90,100,1.81,CO,1627270821
Ostrovnoy,68.0531,39.5131,280.36,87,94,9.91,RU,1627270821
Korem,12.5058,39.5228,286.09,85,91,3.26,ET,1627270822
South Lake Tahoe,38.9332,-119.9844,301.51,31,75,2.57,US,1627270822
San Andrés,12.5847,-81.7006,301.16,78,75,5.14,CO,1627270799
Lázaro Cárdenas,17.9583,-102.2,300.29,85,97,2.19,MX,1627270822
Am Timan,11.0297,20.2827,294.69,89,100,1.82,TD,1627270823
Don Sak,9.3168,99.6918,307.01,66,100,6.81,TH,1627270823
Itupiranga,-5.1347,-49.3267,295.6,56,12,0.82,BR,1627270823
Half Moon Bay,37.4636,-122.4286,297.45,79,75,0.45,US,1627270615
Umeå,63.8284,20.2597,286.99,100,0,0.0,SE,1627270824
Mariehamn,60.0973,19.9348,285.07,100,36,0.51,AX,1627270824
Urengoy,65.9667,78.3667,283.81,94,100,3.56,RU,1627270824
Bad Wurzach,47.9,9.9,289.08,90,100,0.77,DE,1627270824
Bandarbeyla,9.4942,50.8122,299.29,66,88,11.34,SO,1627270825
Corinth,37.9407,22.9573,299.2,51,0,1.2,GR,1627270825
Bridlington,54.0831,-0.1919,288.65,90,100,3.51,GB,1627270825
Matara,5.9485,80.5353,301.15,79,69,6.02,LK,1627270826
Dongsheng,39.8161,109.9776,297.2,49,100,6.33,CN,1627270826
Toamasina,-18.1667,49.3833,290.15,94,75,5.66,MG,1627270826
Kuching,1.55,110.3333,304.27,74,40,2.06,MY,1627270826
Sorong,-0.8833,131.25,303.17,60,100,0.9,ID,1627270827
Iqaluit,63.7506,-68.5145,283.0,87,75,2.24,CA,1627270827
Faanui,-16.4833,-151.75,298.71,70,49,4.68,PF,1627270827
Magadan,59.5667,150.8,285.61,99,100,3.47,RU,1627270827
Rørvik,64.8621,11.2373,285.44,95,86,4.68,NO,1627270828
Port Alfred,-33.5906,26.891,288.54,31,72,5.69,ZA,1627270828
Mount Gambier,-37.8333,140.7667,287.1,94,90,7.2,AU,1627270828
Olmos,-5.9847,-79.7453,290.32,88,3,1.28,PE,1627270829
Båtsfjord,70.6345,29.7185,281.27,78,91,8.54,NO,1627270829
Wanning,18.8003,110.3967,304.08,73,89,2.46,CN,1627270829
Azángaro,-14.9167,-70.2167,277.06,56,13,0.83,PE,1627270830
Bada,51.392,109.8717,294.53,52,88,3.36,RU,1627270830
Copiapó,-27.3667,-70.3333,282.98,72,0,0.67,CL,1627270830
Mashhad,36.297,59.6062,305.23,33,0,7.2,IR,1627270830
Souillac,-20.5167,57.5167,294.36,68,40,5.14,MU,1627270831
Benguela,-12.5763,13.4055,293.76,72,4,1.36,AO,1627270831
Waingapu,-9.6567,120.2641,303.25,45,12,4.74,ID,1627270831
Vaini,-21.2,-175.2,299.24,83,20,3.6,TO,1627270788
Ranfurly,-45.1333,170.1,280.73,91,100,1.99,NZ,1627270832
Bowen,-20.0167,148.2333,298.27,48,53,7.41,AU,1627270603
Azare,11.6765,10.1948,295.12,93,100,2.44,NG,1627270832
Hergla,36.0303,10.509,299.48,65,0,2.57,TN,1627270832
Ivankiv,50.9386,29.8943,294.57,81,100,2.35,UA,1627270833
Comodoro Rivadavia,-45.8667,-67.5,279.07,49,0,6.69,AR,1627270833
Raudeberg,61.9875,5.1352,290.52,86,100,2.91,NO,1627270833
Labuhan,-6.8844,112.2051,303.11,52,2,2.8,ID,1627270834
Naze,28.3667,129.4833,301.66,93,100,7.77,JP,1627270834
Payakumbuh,-0.2202,100.6308,303.43,53,36,1.44,ID,1627270834
Hobyo,5.3505,48.5268,297.77,75,82,10.38,SO,1627270834
Chaoyang,41.5703,120.4586,305.34,50,100,7.61,CN,1627270835
Sidi Ali,36.0998,0.4206,295.29,64,35,4.26,DZ,1627270835
Reconquista,-29.15,-59.65,288.42,86,100,3.54,AR,1627270835
Paamiut,61.994,-49.6678,282.22,60,100,2.48,GL,1627270835
Diu,20.7141,70.9822,299.19,87,100,8.4,IN,1627270836
Yellowknife,62.456,-114.3525,287.44,54,75,3.09,CA,1627270592
Galle,6.0367,80.217,300.46,84,83,6.94,LK,1627270836
Nhulunbuy,-12.2333,136.7667,302.49,51,20,8.23,AU,1627270836
Khatanga,71.9667,102.5,290.86,51,66,0.73,RU,1627270735
Severodvinsk,64.5635,39.8302,285.21,94,100,2.52,RU,1627270837
Broken Hill,-31.95,141.4333,288.99,41,6,6.17,AU,1627270695
Hithadhoo,-0.6,73.0833,300.7,74,100,2.49,MV,1627270837
Veinticinco de Mayo,-35.4323,-60.1727,281.51,78,15,0.89,AR,1627270837
Iberia,29.9502,-91.7507,302.19,94,1,1.54,US,1627270838
Mayo,38.8876,-76.5119,301.8,86,1,0.45,US,1627270838
Xinqing,48.2333,129.5,294.95,97,100,1.25,CN,1627270838
Zabul Province,32.25,67.25,303.16,19,29,2.5,AF,1627270838
Karuzi Province,-3.125,30.1333,284.48,70,52,1.48,BI,1627270839
Khovd,48.0056,91.6419,295.91,42,17,2.85,MN,1627270839
Ancud,-41.8697,-73.8203,275.89,77,27,3.58,CL,1627270839
Bonfim,3.0833,-59.95,296.87,90,100,1.45,BR,1627270840
Nantucket,41.2835,-70.0995,296.48,92,90,6.69,US,1627270664
Ceres,37.5949,-120.9577,307.1,31,1,5.66,US,1627270840
Haines Junction,60.7522,-137.5108,288.7,50,96,2.28,CA,1627270840
Coos Bay,43.3665,-124.2179,289.26,91,90,11.83,US,1627270559
Fareydūnshahr,32.941,50.121,295.68,19,3,2.65,IR,1627270841
Constitución,-35.3333,-72.4167,283.63,93,100,4.55,CL,1627270841
Skibotn,69.3913,20.2679,283.97,93,99,0.64,NO,1627270841
San Quintín,30.4833,-115.95,292.45,88,100,3.24,MX,1627270841
San Narciso,15.0143,120.0803,302.15,83,99,7.59,PH,1627270842
São Filipe,14.8961,-24.4956,296.32,75,87,1.85,CV,1627270814
Pandan Niog,6.2282,120.5631,301.87,76,57,4.9,PH,1627270842
Sinnamary,5.3833,-52.95,298.09,88,99,2.47,GF,1627270842
Brae,60.3964,-1.353,287.1,94,56,3.49,GB,1627270842
Sinait,17.8664,120.4583,299.12,87,100,9.08,PH,1627270843
Hokitika,-42.7167,170.9667,284.05,90,100,5.04,NZ,1627270843
Mar del Plata,-38.0023,-57.5575,281.0,60,0,0.89,AR,1627270725
Vilhena,-12.7406,-60.1458,294.27,68,0,2.57,BR,1627270843
Morondava,-20.2833,44.2833,293.37,57,78,5.62,MG,1627270844
Chalmette,29.9427,-89.9634,303.15,82,1,0.45,US,1627270844
Cumpas,29.9833,-109.7833,300.62,48,48,2.48,MX,1627270844
Tshikapa,-6.4167,20.8,292.22,41,69,1.81,CD,1627270674
Kütahya,39.4242,29.9833,287.09,89,5,1.56,TR,1627270820
Eirunepé,-6.6603,-69.8736,297.49,79,93,0.99,BR,1627270845
Birjand,32.8663,59.2211,302.41,14,20,4.12,IR,1627270845
Bereda,43.2686,-7.5406,288.15,99,34,0.47,ES,1627270845
Hays,30.0502,-98.0336,302.57,74,1,3.5,US,1627270845
Saskylakh,71.9167,114.0833,288.55,57,95,6.52,RU,1627270846
Moyale,3.5167,39.0584,288.2,71,41,3.58,KE,1627270846
Agadez,19.75,10.25,301.88,14,75,3.3,NE,1627270846
Ozinki,51.1786,49.6769,292.91,33,98,2.35,RU,1627270846
Pankrushikha,53.8319,80.3406,296.8,65,74,5.55,RU,1627270847
Haywards Heath,50.9977,-0.1031,290.46,97,75,2.06,GB,1627270847
Port Keats,-14.25,129.55,303.74,42,95,4.06,AU,1627270847
Goba,7.0167,39.9833,283.19,88,94,1.12,ET,1627270847
Khani,41.9563,42.9566,289.91,77,47,0.75,GE,1627270848
Aykino,62.2248,49.9922,287.45,73,61,2.46,RU,1627270848
Mbengwi,6.0167,10.0,287.44,94,89,1.74,CM,1627270848
Sungai Penuh,-2.0833,101.3833,300.56,44,21,1.05,ID,1627270849
Yendi,9.4427,-0.0099,295.95,77,98,2.23,GH,1627270849
Chase,50.8165,-119.6857,301.92,48,48,1.75,CA,1627270849
Hailar,49.2,119.7,295.84,55,84,2.87,CN,1627270849
Sterling,39.0062,-77.4286,301.07,82,20,1.34,US,1627270850
Den Chai,17.9837,100.0522,301.7,97,100,1.24,TH,1627270850
Altay,47.8667,88.1167,300.26,35,28,2.41,CN,1627270850
Sola,-13.8833,167.55,302.52,74,75,2.57,VU,1627270851
Mount Isa,-20.7333,139.5,296.02,18,65,4.63,AU,1627270851
Loandjili,-4.7561,11.8578,295.21,94,75,0.51,CG,1627270851
Cabedelo,-6.9811,-34.8339,295.52,83,59,6.14,BR,1627270767
Bodden Town,19.2833,-81.25,302.15,83,20,1.54,KY,1627270711
Tessalit,20.1986,1.0114,305.79,33,79,6.11,ML,1627270852
Zavallya,48.2135,30.0156,293.55,65,40,1.77,UA,1627270852
Thinadhoo,0.5333,72.9333,301.17,71,97,2.47,MV,1627270852
Madīnat Sittah Uktūbar,29.8167,31.05,298.93,73,0,4.25,EG,1627270852
Rio do Sul,-27.2142,-49.6431,286.14,87,86,0.69,BR,1627270853
Sakakah,29.9697,40.2064,305.91,20,12,2.02,SA,1627270853
Acaraú,-2.8856,-40.12,298.15,83,11,6.83,BR,1627270853
Juneau,58.3019,-134.4197,289.15,87,75,2.57,US,1627270837
Dakar,14.6937,-17.4441,300.22,78,40,2.06,SN,1627270712
Meulaboh,4.1363,96.1285,302.5,67,90,1.15,ID,1627270854
Morón,-34.6534,-58.6198,285.01,95,0,1.95,AR,1627270854
Mirzāpur,25.15,82.5833,305.13,65,98,4.54,IN,1627270854
Tzaneen,-23.8332,30.1635,277.27,89,2,1.29,ZA,1627270855
Kaitangata,-46.2817,169.8464,282.05,94,100,1.54,NZ,1627270793
Luena,-11.7833,19.9167,280.51,65,19,2.37,AO,1627270855
De-Kastri,51.4667,140.7833,300.63,60,100,3.2,RU,1627270855
Upernavik,72.7868,-56.1549,279.36,70,91,1.73,GL,1627270856
Kalemie,-5.9475,29.1947,293.08,66,23,7.84,CD,1627270856
Banda Aceh,5.5577,95.3222,303.17,68,100,5.69,ID,1627270856
Richmond,37.5538,-77.4603,300.4,84,75,0.89,US,1627270838
Qinhuangdao,39.9317,119.5883,301.63,73,100,4.5,CN,1627270857
Sabang,5.8933,95.3214,301.59,77,90,7.85,ID,1627270857
Bambanglipuro,-7.95,110.2833,302.03,55,16,2.68,ID,1627270857
Seoul,37.5683,126.9778,307.81,42,20,2.57,KR,1627270836
Farafangana,-22.8167,47.8333,289.88,80,13,2.32,MG,1627270857
Allonnes,47.9674,0.1581,289.17,94,75,1.03,FR,1627270858
Mehamn,71.0357,27.8492,281.25,93,75,4.63,NO,1627270834
Amapá,1.0,-52.0,294.1,98,17,0.63,BR,1627270858
San Clemente,33.427,-117.612,297.99,84,59,1.79,US,1627270586
Kaseda-shirakame,31.4167,130.3167,303.72,69,100,5.96,JP,1627270858
Dali,25.7,100.1833,298.35,51,4,0.82,CN,1627270859
Lindi,-10.0,39.7167,290.48,71,15,2.72,TZ,1627270859
Chokurdakh,70.6333,147.9167,286.72,40,56,4.46,RU,1627270859
Boa Vista,2.8197,-60.6733,298.14,94,40,1.03,BR,1627270859
Lithgow,-33.4833,150.15,286.96,81,99,5.42,AU,1627270860
Pacific Grove,36.6177,-121.9166,293.04,89,75,0.89,US,1627270860
Tataouine,32.9297,10.4518,299.64,30,0,2.79,TN,1627270860
Jiuquan,39.7432,98.5174,304.68,16,9,7.11,CN,1627270861
Turukhansk,65.8167,87.9833,300.57,42,65,3.3,RU,1627270861
Kiunga,-6.1219,141.2906,296.02,93,100,1.21,PG,1627270861
Port Lincoln,-34.7333,135.8667,289.37,61,63,9.0,AU,1627270861
Wasilla,61.5814,-149.4394,291.68,64,40,0.0,US,1627270775
Abu Kamal,34.4506,40.9171,306.65,26,0,2.86,SY,1627270862
Westport,41.1415,-73.3579,298.16,93,75,1.34,US,1627270626
Cerro Cama,9.03,-79.905,298.15,96,100,0.98,PA,1627270862
Lüderitz,-26.6481,15.1594,291.91,31,79,5.89,NA,1627270862
Albany,42.6001,-73.9662,294.48,95,0,1.68,US,1627270863
Hermanus,-34.4187,19.2345,286.37,53,100,3.11,ZA,1627270863
Santa Maria,-29.6842,-53.8069,300.76,39,0,4.63,BR,1627270863
Devils Lake,48.1128,-98.8651,297.56,62,1,0.89,US,1627270863
Cayenne,4.9333,-52.3333,298.2,91,90,0.0,GF,1627270864
Phan Thiet,10.9333,108.1,304.72,59,29,7.04,VN,1627270832
Palana,59.1167,159.9667,285.96,88,96,5.73,RU,1627270864
Yaan,7.3833,8.5667,293.87,94,100,2.97,NG,1627270864
Kirakira,-10.4544,161.9205,302.33,63,80,5.15,SB,1627270865
Biloela,-24.4167,150.5,295.04,22,21,3.59,AU,1627270865
Bezhanitsy,56.9767,29.8907,289.96,63,3,1.09,RU,1627270865
Atasū,48.6814,71.6433,296.76,42,0,8.85,KZ,1627270866
Włoszczowa,50.8526,19.9659,291.29,80,85,2.74,PL,1627270866
Zhaoyang,42.682,126.0305,306.43,40,95,5.06,CN,1627270866
Trabzon Province,40.9167,39.8333,295.2,73,75,1.54,TR,1627270867
Itarema,-2.9248,-39.9167,298.21,82,12,6.65,BR,1627270867
Vila Praia de Âncora,41.811,-8.8526,291.55,93,12,4.1,PT,1627270867
Provideniya,64.3833,-173.3,283.21,81,90,4.0,RU,1627270867
Bredasdorp,-34.5322,20.0403,286.08,54,100,3.6,ZA,1627270868
Hualmay,-11.0964,-77.6139,290.55,85,11,4.86,PE,1627270868
Tacna,-18.0056,-70.2483,285.65,92,65,1.43,PE,1627270868
Gouré,13.9835,10.2704,299.67,71,97,5.53,NE,1627270869
Murray Bridge,-35.1167,139.2667,290.75,51,86,7.77,AU,1627270869
Klyuchi,52.2667,79.1667,299.32,52,0,7.4,RU,1627270869
Yagodnoye,62.55,149.6667,282.74,90,100,3.77,RU,1627270870
Aranos,-24.1333,19.1167,279.49,65,45,6.12,NA,1627270870
Gunjur,13.2019,-16.7339,298.19,88,75,0.0,GM,1627270870
Jalu,29.0331,21.5482,296.37,49,0,3.37,LY,1627270870
Esna,25.2934,32.554,299.16,26,0,3.7,EG,1627270871
Awjilah,29.1081,21.2869,296.38,51,0,3.46,LY,1627270871
Río Gallegos,-51.6226,-69.2181,272.18,93,20,4.12,AR,1627270723
Gorom-Gorom,14.4439,-0.2361,302.28,58,79,7.11,BF,1627270871
Corralillo,22.9819,-80.5856,297.93,90,50,3.64,CU,1627270872
Teya,60.3778,92.6267,302.63,34,36,4.32,RU,1627270872
Romny,50.751,33.4747,292.46,57,42,2.74,UA,1627270872
Bethel,41.3712,-73.414,296.88,90,40,0.0,US,1627270872
Egvekinot,66.3167,-179.1667,283.0,76,100,1.18,RU,1627270873
Ürümqi,43.801,87.6005,304.68,19,0,3.0,CN,1627270475
Mporokoso,-9.3727,30.125,280.59,76,49,4.11,ZM,1627270873
Goderich,43.7501,-81.7165,293.1,88,0,1.54,CA,1627270726
Aklavik,68.2191,-135.0107,285.61,85,100,4.44,CA,1627270873
Avarua,-21.2078,-159.775,298.18,83,75,3.09,CK,1627270874
Guarapari,-20.6667,-40.4975,290.09,82,0,2.7,BR,1627270874
Skjervøy,70.0311,20.9714,283.74,96,100,0.83,NO,1627270874
Saint-Augustin,51.226,-58.6502,287.03,72,41,2.63,CA,1627270584
Ketchikan,55.3422,-131.6461,289.41,72,40,2.57,US,1627270632
Urzhum,57.1141,49.9996,288.45,56,81,2.58,RU,1627270875
Moerai,-22.4333,-151.3333,297.28,79,100,5.91,PF,1627270875
Tsogni,-2.7942,10.0988,293.47,94,68,1.31,GA,1627270875
Gornopravdinsk,60.05,69.9,287.65,55,99,4.43,RU,1627270875
Ixtapa,20.7,-105.2,301.05,83,75,0.0,MX,1627270583
Dingle,10.9995,122.6711,304.62,61,98,7.42,PH,1627270876
Quatre Cocos,-20.2078,57.7625,294.21,59,26,5.31,MU,1627270876
Iranshahr,27.2025,60.6848,305.34,40,9,0.0,IR,1627270876
Moche,-8.1711,-79.0092,291.25,90,16,3.22,PE,1627270876
Yulara,-25.2406,130.9889,296.06,15,3,5.66,AU,1627270877
Akropong,5.9746,-0.0854,294.68,89,50,2.25,GH,1627270877
Sovetskaya Gavan',48.9723,140.2878,300.23,64,89,4.32,RU,1627270878
Calvinia,-31.4707,19.776,280.95,39,100,5.08,ZA,1627270878
North Platte,41.1239,-100.7654,296.49,74,1,2.06,US,1627270878
Talnakh,69.4865,88.3972,290.88,78,99,2.17,RU,1627270878
Escárcega,18.6089,-90.7454,298.3,84,70,1.37,MX,1627270879
Lagos,6.5833,3.75,299.33,84,68,2.31,NG,1627270502
Enshi,30.3,109.4833,304.96,58,1,0.77,CN,1627270879
Emba,48.8264,58.1442,297.89,38,1,3.19,KZ,1627270879
Lerwick,60.1545,-1.1494,287.15,97,75,3.22,GB,1627270880
La Paz,-16.5,-68.15,279.14,65,41,1.03,BO,1627270658
Longyearbyen,78.2186,15.6401,280.06,81,75,2.57,SJ,1627270790
Tuktoyaktuk,69.4541,-133.0374,282.15,87,75,3.6,CA,1627270880
Nerchinskiy Zavod,51.3088,119.61,293.7,69,60,2.48,RU,1627270880
Goiatuba,-18.0125,-49.3547,289.55,49,0,3.35,BR,1627270881
Kuusamo,65.9667,29.1833,287.17,88,75,2.06,FI,1627270881
Jamestown,42.097,-79.2353,294.95,86,1,0.45,US,1627270881
Fare,-16.7,-151.0167,298.56,70,23,4.07,PF,1627270882
Gistrup,56.9943,9.9909,293.1,84,90,1.79,DK,1627270882
Thompson,55.7435,-97.8558,285.24,58,40,2.06,CA,1627270882
Barra de Tecoanapa,16.5167,-98.75,300.67,82,39,3.0,MX,1627270883
Ternate,0.8,127.4,302.13,69,81,2.62,ID,1627270883
Lompoc,34.6391,-120.4579,293.71,85,90,3.09,US,1627270883
Chaihe,44.7667,129.7,307.15,37,100,3.09,CN,1627270884
Punto Fijo,11.6956,-70.1996,296.94,86,100,4.13,VE,1627270884
Mitú,1.1983,-70.1733,293.73,99,40,0.69,CO,1627270884
Killybegs,54.6333,-8.45,288.96,88,100,3.2,IE,1627270884
Viranşehir,37.2353,39.7631,304.32,24,0,3.68,TR,1627270885
Santa Cruz de la Sierra,-17.8,-63.1667,296.85,73,40,5.14,BO,1627270885
Shingū,33.7333,135.9833,303.7,66,1,2.94,JP,1627270885
Coahuayana Viejo,18.7333,-103.6833,299.04,89,32,0.63,MX,1627270886
La Palma,33.8464,-118.0467,299.83,77,1,1.34,US,1627270886
Avenal,36.0041,-120.129,307.05,31,69,5.18,US,1627270886
Kodinsk,58.6881,99.1844,303.12,33,98,2.63,RU,1627270887
Neumünster,54.0667,9.9833,291.14,100,30,2.27,DE,1627270887
Saint George,37.1041,-113.5841,301.68,60,1,0.45,US,1627270887
Makakilo City,21.3469,-158.0858,304.33,61,75,5.14,US,1627270887
Forestville,38.8451,-76.875,301.11,76,1,4.12,US,1627270888
Mahébourg,-20.4081,57.7,294.31,68,40,5.14,MU,1627270888
Wukari,7.85,9.7833,294.57,90,99,2.67,NG,1627270888
Ajdabiya,30.7554,20.2263,296.6,56,0,3.75,LY,1627270870
Goose Creek,32.981,-80.0326,300.31,89,20,2.06,US,1627270889
Narsaq,60.9167,-46.05,281.27,61,100,1.01,GL,1627270833
Pawai,24.2667,80.1667,300.5,90,100,5.04,IN,1627270889
Winslow,35.0242,-110.6974,296.46,66,1,2.57,US,1627270889
Lenger,42.183,69.8839,303.84,12,0,5.07,KZ,1627270890
Mae Sai,20.4335,99.8762,299.77,99,100,0.35,TH,1627270890
Tazovsky,67.4667,78.7,284.91,68,98,3.4,RU,1627270697
Los Llanos de Aridane,28.6585,-17.9182,293.22,66,20,6.17,ES,1627270890
Vao,-22.6667,167.4833,294.49,63,90,8.33,NC,1627270890
Mil'kovo,54.7167,158.6167,300.85,48,47,2.48,RU,1627270891
Bara,10.3744,10.7288,295.02,96,100,4.84,NG,1627270891
High Point,35.9557,-80.0053,299.08,86,75,0.45,US,1627270740
Novo Aripuanã,-5.1206,-60.3797,297.18,64,87,0.84,BR,1627270891
Ushuaia,-54.8,-68.3,273.96,86,20,6.69,AR,1627270892
Batemans Bay,-35.7167,150.1833,290.98,48,73,4.95,AU,1627270892
Atuona,-9.8,-139.0333,298.58,75,3,10.28,PF,1627270659
Severo-Kuril'sk,50.6789,156.125,288.73,89,69,2.34,RU,1627270892
Fuyang,32.9,115.8167,302.76,74,98,5.25,CN,1627270893
Nagato,34.3833,131.2,303.12,63,0,2.57,JP,1627270893
Khasan,42.4308,130.6434,300.45,74,43,4.35,RU,1627270893
Forsytheganj,52.6333,29.7333,290.58,88,50,2.32,BY,1627270893
Clyde River,70.4692,-68.5914,274.28,100,90,2.06,CA,1627270894
Almaznyy,48.0448,40.045,290.23,55,1,3.95,RU,1627270894
Grindavik,63.8424,-22.4338,282.41,93,75,8.75,IS,1627270894
Port Hueneme,34.1478,-119.1951,299.06,84,90,3.09,US,1627270895
Montanha,-18.1269,-40.3633,290.17,89,54,1.36,BR,1627270895
Neuquén,-38.9516,-68.0591,280.09,87,0,2.57,AR,1627270680
Watsa,3.0372,29.5355,290.68,98,96,0.63,CD,1627270895
Qurayyat,31.3318,37.3428,298.25,73,0,6.17,SA,1627270895
Huarmey,-10.0681,-78.1522,291.13,88,3,4.97,PE,1627270801
Ilulissat,69.2167,-51.1,283.16,43,100,5.66,GL,1627270656
Gemena,3.25,19.7667,294.37,85,98,1.08,CD,1627270896
Koupéla,12.1794,-0.3517,297.92,76,84,3.14,BF,1627270896
Beloha,-25.1667,45.05,288.28,80,2,5.25,MG,1627270896
Clarksburg,39.2807,-80.3445,296.53,93,1,0.0,US,1627270897
Methóni,36.8197,21.7049,297.71,64,0,1.77,GR,1627270897
Ahipara,-35.1667,173.1667,287.13,85,82,6.32,NZ,1627270897
Jupiter,26.9342,-80.0942,302.16,83,36,0.89,US,1627270714
Sarkand,45.41,79.9186,307.02,13,0,2.76,KZ,1627270898
Padang,-0.9492,100.3543,304.18,62,11,1.94,ID,1627270898
Henties Bay,-22.116,14.2845,295.65,34,30,11.83,NA,1627270898
Conceição do Araguaia,-8.2578,-49.2647,296.22,68,0,0.51,BR,1627270898
Malindi,-3.2175,40.1191,297.4,72,48,9.51,KE,1627270899
Northam,51.0333,-4.2167,288.37,96,1,2.74,GB,1627270899
Tres Arroyos,-38.3739,-60.2798,277.73,69,1,3.4,AR,1627270899
Orsha,54.5153,30.4053,290.88,77,36,2.22,BY,1627270900
Berkåk,62.825,10.0118,288.19,74,9,3.38,NO,1627270900
Cap Malheureux,-19.9842,57.6142,294.42,70,0,1.34,MU,1627270900
Margate,51.3813,1.3862,291.1,93,90,0.89,GB,1627270900
Tulagi,-9.0996,160.1476,300.8,79,73,10.09,SB,1627270901
Ponta do Sol,32.6667,-17.1,295.93,84,4,1.4,PT,1627270722
Shimoda,34.6667,138.95,303.21,70,48,2.63,JP,1627270901
Kununurra,-15.7667,128.7333,303.14,26,72,4.12,AU,1627270902
Dinguiraye,11.3,-10.7167,293.68,97,92,1.17,GN,1627270902
Ust-Tsilma,65.441,52.1498,281.88,78,100,4.47,RU,1627270902
Sontra,51.0667,9.9333,290.85,96,81,1.65,DE,1627270902
Rantepao,-2.9701,119.8978,300.98,49,32,1.98,ID,1627270903
Nuuk,64.1835,-51.7216,284.49,66,75,1.03,GL,1627270903
Pontes e Lacerda,-15.2261,-59.3353,295.41,50,12,1.29,BR,1627270903
Yar-Sale,66.8333,70.8333,286.38,60,81,3.0,RU,1627270904
Oranjestad,12.524,-70.027,301.12,83,40,4.63,AW,1627270904
Il'inskoye-Khovanskoye,56.9718,39.7684,287.78,57,39,2.18,RU,1627270904
Nemuro,43.3236,145.575,299.39,92,0,3.72,JP,1627270622
Uyskoye,54.3775,60.0047,288.69,45,0,3.2,RU,1627270904
Saint-Philippe,-21.3585,55.7679,293.9,71,49,4.47,RE,1627270800
Bambous Virieux,-20.3428,57.7575,294.29,68,40,5.14,MU,1627270859
Biak,-0.9131,122.8766,300.24,74,76,3.08,ID,1627270905
Richards Bay,-28.783,32.0377,285.3,86,0,3.14,ZA,1627270905
Dauphin,51.1494,-100.0502,290.23,77,75,3.6,CA,1627270905
Castro,-24.7911,-50.0119,285.67,58,12,1.76,BR,1627270906
Koumac,-20.5667,164.2833,296.5,61,17,7.56,NC,1627270906
Roald,62.5833,6.1333,291.02,100,20,3.6,NO,1627270906
Narrabri,-30.3167,149.7833,289.0,47,97,3.09,AU,1627270906
Zvishavane,-20.3267,30.0665,277.84,85,0,1.28,ZW,1627270907
Tasiilaq,65.6145,-37.6368,278.24,83,23,1.5,GL,1627270907
‘Ewa Beach,21.3156,-158.0072,305.12,60,75,5.14,US,1627270851
Skellefteå,64.7507,20.9528,293.71,60,72,1.54,SE,1627270907
Erie,42.7667,-78.6664,295.83,90,4,1.34,US,1627270908
Nha Trang,12.25,109.1833,307.15,51,42,3.53,VN,1627270734
Channel-Port aux Basques,47.5702,-59.1367,286.19,89,9,3.43,CA,1627270908
Codrington,-38.2667,141.9667,287.38,84,77,8.11,AU,1627270792
Lorengau,-2.0226,147.2712,302.99,65,41,2.61,PG,1627270908
Hofn,64.2539,-15.2082,283.64,89,22,4.47,IS,1627270909
Mumford,5.2618,-0.759,296.38,85,72,3.94,GH,1627270909
Sioux Lookout,50.1001,-91.917,294.36,68,75,1.03,CA,1627270909
Sinnai,39.3042,9.2036,298.97,76,0,2.06,IT,1627270909
Kāvali,14.9167,79.9833,305.05,50,96,9.85,IN,1627270910
Coquimbo,-29.9533,-71.3436,284.0,87,0,4.12,CL,1627270837
Antalaha,-14.9003,50.2788,293.75,76,54,4.0,MG,1627270910
Hobart,-42.8794,147.3294,287.07,68,40,0.89,AU,1627270910
Viedma,-40.8135,-62.9967,280.0,57,63,4.58,AR,1627270911
Mossamedes,-15.1961,12.1522,293.98,56,0,3.57,AO,1627270911
Mahbūbābād,17.6167,80.0167,301.69,72,72,6.2,IN,1627270911
Kudahuvadhoo,2.6708,72.8944,301.33,73,95,1.85,MV,1627270911
Saurimo,-9.6608,20.3916,285.63,50,90,2.84,AO,1627270912
Fort Nelson,58.8053,-122.7002,295.92,40,20,1.54,CA,1627270912
San Isidro,-12.1167,-77.05,289.96,88,75,0.45,PE,1627270912
Luorong,24.4058,109.6086,306.53,56,16,2.22,CN,1627270912
Baião,-2.7906,-49.6717,294.62,73,4,0.65,BR,1627270913
Anáhuac,27.2333,-100.15,304.07,41,0,8.52,MX,1627270913
Port Macquarie,-31.4333,152.9167,294.2,39,0,1.93,AU,1627270913
Caravelas,-17.7125,-39.2481,292.81,91,30,1.62,BR,1627270914
Kurumkan,54.3,110.3,298.35,45,31,1.74,RU,1627270914
Buchanan,5.8808,-10.0467,297.33,83,97,3.0,LR,1627270914
Qaanaaq,77.484,-69.3632,275.85,74,100,1.26,GL,1627270773
Tuatapere,-46.1333,167.6833,283.05,97,100,0.82,NZ,1627270795
Abu Samrah,35.3029,37.1841,299.27,55,0,1.97,SY,1627270808
Green River,41.5286,-109.4662,300.48,23,2,0.89,US,1627270915
Mogocha,53.7333,119.7667,290.33,70,100,3.55,RU,1627270915
Batagay-Alyta,67.8006,130.4114,287.81,83,100,0.68,RU,1627270915
Port Blair,11.6667,92.75,302.24,78,83,9.36,IN,1627270916
Dalby,-27.1833,151.2667,292.58,31,76,1.79,AU,1627270916
Cidreira,-30.1811,-50.2056,293.23,68,91,2.33,BR,1627270792
Ruteng,-8.6136,120.4721,297.79,37,7,0.21,ID,1627270916
Kieta,-6.2167,155.6333,301.43,76,55,1.8,PG,1627270917
Lisiy Nos,60.0169,30.0201,291.48,65,90,3.3,RU,1627270917
Pervouralsk,56.9053,59.9436,286.29,61,98,2.49,RU,1627270917
Torbay,47.6666,-52.7314,286.25,94,90,3.6,CA,1627270917
Bajos de Haina,18.4154,-70.0332,298.13,88,42,1.24,DO,1627270918
Weligama,5.9667,80.4167,300.81,81,74,6.17,LK,1627270918
San Cristobal,7.7669,-72.225,293.25,99,98,0.88,VE,1627270918
Shiyan,32.6475,110.7781,305.54,52,0,1.67,CN,1627270919
Kruisfontein,-34.0033,24.7314,288.09,34,93,5.56,ZA,1627270919
Evensk,61.95,159.2333,282.95,99,100,3.08,RU,1627270919
Chui,-33.6971,-53.4616,287.89,96,38,2.58,UY,1627270919
New Norfolk,-42.7826,147.0587,286.87,88,100,0.89,AU,1627270755
Gobabis,-22.45,18.9667,278.17,72,31,5.37,NA,1627270920
Amahai,-3.3333,128.9167,300.45,75,73,3.89,ID,1627270920
Pontianak,-0.0333,109.3333,303.14,70,75,3.09,ID,1627270920
Uvalde,29.3669,-99.767,302.7,43,1,3.6,US,1627270921
Saint Anthony,45.0205,-93.218,299.66,58,1,2.06,US,1627270921
Kapaa,22.0752,-159.319,302.33,80,40,1.79,US,1627270645
Arman',59.7,150.1667,285.37,99,100,2.76,RU,1627270855
Aripuanã,-9.1667,-60.6333,296.86,55,7,0.25,BR,1627270921
Darhan,49.4867,105.9228,296.38,53,3,3.47,MN,1627270922
Rocha,-34.4833,-54.3333,286.39,96,88,4.24,UY,1627270922
Port Hedland,-20.3167,118.5667,299.18,25,88,4.63,AU,1627270922
Tūkrah,32.5341,20.5791,298.28,71,0,4.06,LY,1627270922
Māngrol,21.1167,70.1167,299.18,87,100,8.4,IN,1627270923
Pevek,69.7008,170.3133,275.45,88,65,5.3,RU,1627270923
Kichera,55.9375,110.0997,299.39,39,63,1.6,RU,1627270923
Vavuniya,8.7514,80.4971,304.12,56,100,4.61,LK,1627270924
Aksu,41.1231,80.2644,308.05,15,0,3.04,CN,1627270924
Vikersund,59.9659,9.995,291.63,70,100,1.19,NO,1627270924
Hamilton,39.1834,-84.5333,298.94,87,20,0.0,US,1627270830
Namtsy,62.7161,129.6658,300.21,28,19,4.2,RU,1627270925
Kilembe,0.2,30.0,288.76,69,47,1.33,UG,1627270925
Lebu,-37.6167,-73.65,281.2,81,14,7.12,CL,1627270925
Olinda,-8.0089,-34.8553,295.0,83,75,2.57,BR,1627270926
Ambilobe,-13.2,49.05,290.06,70,20,1.52,MG,1627270926
Tual,-5.6667,132.75,299.83,78,71,9.36,ID,1627270781
Ayagoz,47.9714,80.4392,305.26,22,46,3.27,KZ,1627270926
Uglovskoye,51.3557,80.1942,301.98,39,81,5.42,RU,1627270926
Prince Rupert,54.3161,-130.3201,287.2,89,90,1.54,CA,1627270884
Inta,66.0317,60.1659,281.66,81,99,4.09,RU,1627270927
Port Hardy,50.6996,-127.4199,290.25,82,75,0.0,CA,1627270927
Saint-François,46.4154,3.9054,290.08,89,75,1.54,FR,1627270927
Progreso,21.2833,-89.6667,301.21,86,54,2.78,MX,1627270928
Samfya,-11.3649,29.5565,282.55,75,44,4.79,ZM,1627270928
Abilene,32.4487,-99.7331,304.27,43,1,4.12,US,1627270928
Atar,20.5169,-13.0499,302.58,34,96,0.66,MR,1627270738
Vostok,46.4856,135.8833,306.44,41,83,2.66,RU,1627270929
Bubaque,11.2833,-15.8333,299.38,82,100,3.77,GW,1627270929
Guerrero Negro,27.9769,-114.0611,293.36,82,4,6.49,MX,1627270929
Angoche,-16.2325,39.9086,295.16,58,86,6.31,MZ,1627270874
Menongue,-14.6585,17.691,280.52,67,1,2.4,AO,1627270930
Takoradze,4.8845,-1.7554,296.38,81,93,4.02,GH,1627270930
The Valley,18.217,-63.0578,301.07,83,67,8.74,AI,1627270930
Samarai,-10.6167,150.6667,299.54,75,97,7.54,PG,1627270931
Nālūt,30.3333,10.85,297.95,29,0,5.19,LY,1627270931
